Name,Age,City,Email,Phone Number
Kristen Bryant,61,New Christopher,nathangibson@example.org,5907088886
Mark Archer,32,Marthaview,joseph53@example.com,558.932.3442x93520
Marissa Skinner,19,Karafurt,xschwartz@example.com,(513)902-9970x069
Allen Miles,58,North Johnnychester,mary20@example.org,286-902-8160
Jessica Rice,21,West Heather,sanderson@example.com,+1-770-410-6660x435
Joseph Glenn,23,Baileytown,kristamiles@example.com,+1-668-733-5981x7502
Carrie Guerra,19,Bentonborough,murrayjoshua@example.com,912-586-4571
Carla Price,33,East Brian,phillip49@example.net,539.784.9065x42246
Billy Perez,51,New Donnaburgh,stanley82@example.net,781-480-4904x808
Tracy Velasquez,43,Hornville,melissa79@example.org,766.744.0928
Scott Evans,56,Jacksonfurt,lewismelissa@example.com,463-677-1709x9328
Michael Joseph,43,West Mariastad,dorozco@example.org,001-955-379-8041x4650
Phillip Lopez,49,Powellton,qkim@example.net,726.796.4427
Douglas Arnold,40,West Bradleyhaven,seangibson@example.net,(650)548-5982x05250
Jessica Schwartz,47,East Andrew,patricia71@example.com,+1-704-891-2441x897
Robert Aguilar,30,Lake Gabrielahaven,kingtonya@example.org,+1-591-668-9741x1389
Jessica White,35,Elizabethville,susanjenkins@example.net,+1-778-874-4772x094
Gregory Turner,39,East Jasonland,emily77@example.org,386-553-5723
Michelle Hall,44,Tylerbury,daniel31@example.com,+1-543-596-1299x93857
Kathleen Jenkins,52,New Kimstad,kayla02@example.com,+1-968-297-0246
Nicole Reeves,46,Duartehaven,moorepatrick@example.net,456-621-1240
Regina Figueroa,20,Davidton,ramirezchad@example.com,001-200-484-8366
Brittany Vazquez,49,Thomaston,cmarshall@example.net,+1-884-942-1781x997
Christine Torres,63,Lake Andrew,uburton@example.org,776.201.2068x87802
Matthew Galvan,26,Ronaldport,angelwilliams@example.org,+1-304-302-4051
Peter Martinez,62,New Mary,charlespaul@example.net,+1-679-378-0851x28713
Daniel Wilson,51,Lake Michael,brianna53@example.com,001-541-288-5586
Lindsay Mcclain,36,Garciahaven,knightbrian@example.com,593.362.8867x617
Erik Wagner,56,South Albertview,nbrennan@example.net,(486)548-7688
Jessica Dyer,28,New Melissa,michaelhamilton@example.org,+1-605-725-5429x888
Rebecca Singleton,43,South Michael,sandra27@example.com,786.532.5092
Patrick Kelly,59,Thomasview,qortega@example.net,642.306.6160x130
Drew Peters,61,Mariechester,theresa87@example.net,(207)438-3548x771
Jesse Moore,34,North Daniel,edwardsrobert@example.net,822.947.3243
Richard Neal,23,South Davidville,wgibson@example.com,(833)272-7882
Scott Rodriguez,39,Port Elizabeth,kathy57@example.net,+1-719-739-7643
Nathaniel Shepherd,26,Port Wendy,barberchristina@example.com,208-604-9687x8816
Paul Bryant,58,Reevesview,allenalexa@example.com,+1-681-853-2149x627
Sara Howard,32,New Nancybury,fproctor@example.net,6929723905
Lisa Hill,21,Arnoldstad,ljimenez@example.com,988.480.8778x4717
Roy Hardy,60,New Kyliechester,tiffany64@example.com,821-619-4831x2941
Marissa Anderson,41,Kaylamouth,jennifer91@example.net,355-626-9032x2964
Tonya Mills,51,Port Dianafurt,tylerbell@example.com,(374)492-0130
Kimberly Walls,18,Lake Bonniehaven,jbrown@example.net,+1-251-600-2741x484
Jeff Waters,43,East Sarah,ethangarcia@example.com,+1-455-912-1039x890
Kimberly Jensen,39,Jessicahaven,wwilliams@example.org,213-495-5948x73105
Katherine Carter,23,Ginafort,paul10@example.com,701-870-0089
Miguel Orozco,62,Kathleenchester,brucekristen@example.org,001-926-330-0099x2234
Amanda Moore,35,New Rachelshire,benjamin56@example.com,(661)613-3502x480
Jonathan Arias,25,Thompsonbury,alexanderbrian@example.net,476-307-4682
Matthew Smith,39,Michaelside,roberthamilton@example.org,001-545-398-7995x44883
Christopher Durham,20,Derrickfurt,williammorrison@example.net,(440)551-3419
Timothy Rivas,38,Port Lauraberg,stewartalexandria@example.org,9796973038
Mary Moore,25,East Lisastad,zmassey@example.com,001-987-454-6137x73893
Charlene Lopez,26,Lake Kellyport,gavin46@example.com,+1-393-519-9806x4930
Holly Mathews,64,Courtneyhaven,walkerbradley@example.net,001-558-365-1318
Darryl Brown,35,Port Josephfurt,cooperryan@example.org,001-928-802-2459x0432
Leah Rivera,28,Shaneborough,scottbonnie@example.net,(211)699-5165
Pamela Ross,46,Juliefurt,mgarcia@example.org,786-636-4430
Patrick Brown,39,Leonardview,hallalexander@example.org,4152754949
Jessica Green,28,Natalieburgh,davidcohen@example.com,(499)891-4314
Eric Hanson,32,West Alexis,juliemyers@example.com,(884)850-1737
Amy Smith PhD,65,Weberchester,savagedavid@example.com,+1-956-978-3856
Patrick Anderson,58,Evansstad,ppearson@example.com,001-604-980-6662x39833
Mallory Cannon,62,Larsonmouth,elizabethmooney@example.org,+1-389-624-1204x8547
April Rojas,32,Joannashire,tbarker@example.org,921.224.2457x28293
Nancy Hernandez,51,Harveymouth,sarah37@example.net,369-342-7290x736
Rebecca Friedman,29,Leahview,mary09@example.net,(865)691-2151
Ronald Anderson,33,West Joann,vickietaylor@example.net,945-380-2934x78389
Katie Young,47,East George,hansenmark@example.org,+1-394-924-5121x7500
Steven Mendoza,55,Daniellefort,rachelsullivan@example.net,7726799760
Luis Lee,60,West Lisamouth,cameronjohn@example.com,457-618-3404
Wendy Koch,40,North Sierraview,jbird@example.net,(367)749-5311x53806
John Mathews,26,Boltonfort,selena33@example.net,282-488-1188x87729
Anthony Shaffer,39,Thomasbury,kwebster@example.net,551.559.2935
John Jackson,46,Jamiestad,fingram@example.com,(605)884-9935x82694
Andrea Mitchell,60,Port Karen,charlesgreen@example.net,740-582-9810x06384
Angel Little,57,New Marialand,jefferycampbell@example.net,938-903-5651
Gregory Allen,21,Hallfurt,wagnertanya@example.org,543.608.9354x44835
Tammy Hill,19,North John,williamsonthomas@example.com,+1-401-341-5440
Kathleen Gilbert,19,Port Scottmouth,denise51@example.org,577-826-3000x2268
Phillip Smith,29,South Andreaberg,matthewyoung@example.com,466.879.6626
Kim Nguyen,23,Brianbury,robertsonlee@example.net,001-779-906-2230x6157
Natalie Brown,28,Lozanobury,jennifer61@example.com,808.342.8050
Elizabeth Hicks,18,Port Mark,wjackson@example.net,001-497-510-9849x88512
Kaitlyn Curry,50,Lake Michaeltown,cynthia59@example.com,001-347-949-9771
Elizabeth Martin,59,Port Kevinhaven,rwilliams@example.org,895-351-2991x4772
Brooke Vang,34,South Caleb,sheilabaker@example.net,(200)724-2923x816
Christopher Anderson,34,West Margaretshire,richardgarner@example.org,959.876.6151
Deborah Parker,23,Port Caitlyn,rachel00@example.com,925.311.6554
Anna Brown DDS,48,Jasonmouth,xjones@example.net,702-930-8089x952
Mitchell Davis,49,Farmerbury,hollywilliamson@example.net,001-322-401-3620x5150
Alicia Roberts,63,East Dariuschester,greyes@example.net,001-659-621-6533x8552
Eric Cook,21,Heathertown,cynthia90@example.net,+1-279-805-1119
Anthony Carey,34,Amyfort,rfrench@example.com,001-899-666-9107
Billy Werner,48,Port Jaimefort,dgalloway@example.com,+1-403-260-6995x67281
Christine David,20,East Danielmouth,ryan52@example.net,724.589.3011x89437
Antonio Brooks,63,Justinfort,roliver@example.org,7396791501
Joshua Anderson,43,Georgeborough,beckyking@example.com,969.586.6184x50615
Jesse Jones,23,Selenaport,victoriabell@example.com,467-612-8250x95789
